,lat,lng,pvalue,value,region,log-pvalue,thresh-pvalue,counts
0,-60,-170,0.2099999999999999,0.2099999999999999,"(-65.0, -55.0, -175.0, -165.0)",-0.6777807052660809,1.0,0.0
1,-50,-170,0.0131,0.0131,"(-55.0, -45.0, -175.0, -165.0)",-1.8827287043442358,1.0,0.0
2,-40,-170,0.3582,0.3582,"(-45.0, -35.0, -175.0, -165.0)",-0.4458744184869873,1.0,0.0
3,-30,-170,0.0,0.0,"(-35.0, -25.0, -175.0, -165.0)",-inf,0.0,24.0
4,-20,-170,0.0,0.0,"(-25.0, -15.0, -175.0, -165.0)",-inf,0.0,24.0
5,-10,-170,0.0,0.0,"(-15.0, -5.0, -175.0, -165.0)",-inf,0.0,24.0
6,0,-170,0.0,0.0,"(-5.0, 5.0, -175.0, -165.0)",-inf,0.0,24.0
7,10,-170,0.0015,0.0015,"(5.0, 15.0, -175.0, -165.0)",-2.8239087409443187,0.0015,24.0
8,20,-170,0.0008,0.0008,"(15.0, 25.0, -175.0, -165.0)",-3.0969100130080562,0.0008,24.0
9,30,-170,0.0004,0.0004,"(25.0, 35.0, -175.0, -165.0)",-3.3979400086720375,0.0004,24.0
10,40,-170,0.3573999999999999,0.3573999999999999,"(35.0, 45.0, -175.0, -165.0)",-0.4468454518303747,1.0,0.0
11,50,-170,0.1350999999999999,0.1350999999999999,"(45.0, 55.0, -175.0, -165.0)",-0.8693446509779698,1.0,0.0
12,60,-170,0.4068999999999999,0.4068999999999999,"(55.0, 65.0, -175.0, -165.0)",-0.3905123101467149,1.0,0.0
13,70,-170,0.0016999999999999,0.0016999999999999,"(65.0, 75.0, -175.0, -165.0)",-2.7695510786217516,0.0016999999999999,22.0
14,-60,-160,0.1809999999999999,0.1809999999999999,"(-65.0, -55.0, -165.0, -155.0)",-0.7423214251308157,1.0,0.0
15,-50,-160,0.1047,0.1047,"(-55.0, -45.0, -165.0, -155.0)",-0.9800533183211576,1.0,0.0
16,-40,-160,0.3040999999999999,0.3040999999999999,"(-45.0, -35.0, -165.0, -155.0)",-0.516983579855868,1.0,0.0
17,-30,-160,0.0,0.0,"(-35.0, -25.0, -165.0, -155.0)",-inf,0.0,24.0
18,-20,-160,0.0,0.0,"(-25.0, -15.0, -165.0, -155.0)",-inf,0.0,24.0
19,-10,-160,0.0,0.0,"(-15.0, -5.0, -165.0, -155.0)",-inf,0.0,24.0
20,0,-160,0.0,0.0,"(-5.0, 5.0, -165.0, -155.0)",-inf,0.0,24.0
21,10,-160,0.0011999999999999,0.0011999999999999,"(5.0, 15.0, -165.0, -155.0)",-2.9208187539524113,0.0011999999999999,24.0
22,20,-160,0.0253999999999999,0.0253999999999999,"(15.0, 25.0, -165.0, -155.0)",-1.5951662833800637,1.0,0.0
23,30,-160,0.0927999999999999,0.0927999999999999,"(25.0, 35.0, -165.0, -155.0)",-1.0324520237811385,1.0,0.0
24,40,-160,0.0468,0.0468,"(35.0, 45.0, -165.0, -155.0)",-1.329754146925876,1.0,0.0
25,50,-160,0.2636,0.2636,"(45.0, 55.0, -165.0, -155.0)",-0.5790545940780277,1.0,0.0
26,60,-160,0.2363,0.2363,"(55.0, 65.0, -165.0, -155.0)",-0.6265362783676309,1.0,0.0
27,70,-160,0.1076,0.1076,"(65.0, 75.0, -165.0, -155.0)",-0.9681877286696297,1.0,0.0
28,-60,-150,0.1607,0.1607,"(-65.0, -55.0, -155.0, -145.0)",-0.7939841232366555,1.0,0.0
29,-50,-150,0.1854999999999999,0.1854999999999999,"(-55.0, -45.0, -155.0, -145.0)",-0.7316560860489356,1.0,0.0
30,-40,-150,0.3451,0.3451,"(-45.0, -35.0, -155.0, -145.0)",-0.4620550407085131,1.0,0.0
31,-30,-150,0.0,0.0,"(-35.0, -25.0, -155.0, -145.0)",-inf,0.0,24.0
32,-20,-150,0.0015,0.0015,"(-25.0, -15.0, -155.0, -145.0)",-2.8239087409443187,0.0015,24.0
33,-10,-150,0.0017999999999999,0.0017999999999999,"(-15.0, -5.0, -155.0, -145.0)",-2.744727494896718,0.0017999999999999,24.0
34,0,-150,0.0,0.0,"(-5.0, 5.0, -155.0, -145.0)",-inf,0.0,24.0
35,10,-150,0.0105,0.0105,"(5.0, 15.0, -155.0, -145.0)",-1.978810700930062,1.0,0.0
36,20,-150,0.0057,0.0057,"(15.0, 25.0, -155.0, -145.0)",-2.2441251443275085,1.0,0.0
37,30,-150,0.4898,0.4898,"(25.0, 35.0, -155.0, -145.0)",-0.30998121921130467,1.0,0.0
38,40,-150,0.0126999999999999,0.0126999999999999,"(35.0, 45.0, -155.0, -145.0)",-1.8961962790440465,1.0,0.0
39,50,-150,0.0281999999999999,0.0281999999999999,"(45.0, 55.0, -155.0, -145.0)",-1.5497508916806404,1.0,0.0
40,60,-150,0.0002999999999999,0.0002999999999999,"(55.0, 65.0, -155.0, -145.0)",-3.522878745280482,0.0002999999999999,24.0
41,70,-150,0.2335,0.2335,"(65.0, 75.0, -155.0, -145.0)",-0.631713115097869,1.0,0.0
42,-60,-140,0.4253,0.4253,"(-65.0, -55.0, -145.0, -135.0)",-0.3713046172859767,1.0,0.0
43,-50,-140,0.1877,0.1877,"(-55.0, -45.0, -145.0, -135.0)",-0.7265357273786537,1.0,0.0
44,-40,-140,0.1879,0.1879,"(-45.0, -35.0, -145.0, -135.0)",-0.7260732198994744,1.0,0.0
45,-30,-140,0.0263999999999999,0.0263999999999999,"(-35.0, -25.0, -145.0, -135.0)",-1.5783960731301705,1.0,0.0
46,-20,-140,0.0182,0.0182,"(-25.0, -15.0, -145.0, -135.0)",-1.739928612014925,1.0,0.0
47,-10,-140,0.0291,0.0291,"(-15.0, -5.0, -145.0, -135.0)",-1.5361070110140926,1.0,0.0
48,0,-140,0.0,0.0,"(-5.0, 5.0, -145.0, -135.0)",-inf,0.0,24.0
49,10,-140,0.1459999999999999,0.1459999999999999,"(5.0, 15.0, -145.0, -135.0)",-0.8356471442155632,1.0,0.0
50,20,-140,0.0159,0.0159,"(15.0, 25.0, -145.0, -135.0)",-1.7986028756795485,1.0,0.0
51,30,-140,0.0016999999999999,0.0016999999999999,"(25.0, 35.0, -145.0, -135.0)",-2.7695510786217516,0.0016999999999999,24.0
52,40,-140,0.0002999999999999,0.0002999999999999,"(35.0, 45.0, -145.0, -135.0)",-3.522878745280482,0.0002999999999999,24.0
53,50,-140,0.3084,0.3084,"(45.0, 55.0, -145.0, -135.0)",-0.5108856306210806,1.0,0.0
54,60,-140,0.0539999999999999,0.0539999999999999,"(55.0, 65.0, -145.0, -135.0)",-1.2676062401770323,1.0,0.0
55,70,-140,0.7072,0.7072,"(65.0, 75.0, -145.0, -135.0)",-0.1504577479949833,1.0,0.0
56,-60,-130,0.2301999999999999,0.2301999999999999,"(-65.0, -55.0, -135.0, -125.0)",-0.6378946807062271,1.0,0.0
57,-50,-130,0.0196999999999999,0.0196999999999999,"(-55.0, -45.0, -135.0, -125.0)",-1.7055337738384093,1.0,0.0
58,-40,-130,0.2715,0.2715,"(-45.0, -35.0, -135.0, -125.0)",-0.5662301660751342,1.0,0.0
59,-30,-130,0.2919999999999999,0.2919999999999999,"(-35.0, -25.0, -135.0, -125.0)",-0.5346171485515818,1.0,0.0
60,-20,-130,0.0001,0.0001,"(-25.0, -15.0, -135.0, -125.0)",-4.0,0.0001,24.0
61,-10,-130,0.4929999999999999,0.4929999999999999,"(-15.0, -5.0, -135.0, -125.0)",-0.3071530807227701,1.0,0.0
62,0,-130,0.0,0.0,"(-5.0, 5.0, -135.0, -125.0)",-inf,0.0,24.0
63,10,-130,0.5223999999999999,0.5223999999999999,"(5.0, 15.0, -135.0, -125.0)",-0.2819968317329826,1.0,0.0
64,20,-130,0.6250999999999999,0.6250999999999999,"(15.0, 25.0, -135.0, -125.0)",-0.20405050109719683,1.0,0.0
65,30,-130,0.0045999999999999,0.0045999999999999,"(25.0, 35.0, -135.0, -125.0)",-2.3372421683184355,0.0045999999999999,11.0
66,40,-130,0.0071,0.0071,"(35.0, 45.0, -135.0, -125.0)",-2.1487416512809245,1.0,0.0
67,50,-130,0.6888999999999998,0.6888999999999998,"(45.0, 55.0, -135.0, -125.0)",-0.1618438152478523,1.0,0.0
68,60,-130,0.3746999999999999,0.3746999999999999,"(55.0, 65.0, -135.0, -125.0)",-0.42631630690620215,1.0,0.0
69,70,-130,0.4126,0.4126,"(65.0, 75.0, -135.0, -125.0)",-0.3844707763628672,1.0,0.0
70,-60,-120,0.0161999999999999,0.0161999999999999,"(-65.0, -55.0, -125.0, -115.0)",-1.790484985457372,1.0,0.0
71,-50,-120,0.0025,0.0025,"(-55.0, -45.0, -125.0, -115.0)",-2.6020599913279625,0.0025,24.0
72,-40,-120,0.2926,0.2926,"(-45.0, -35.0, -125.0, -115.0)",-0.5337256782107079,1.0,0.0
73,-30,-120,0.0088999999999999,0.0088999999999999,"(-35.0, -25.0, -125.0, -115.0)",-2.050609993355092,1.0,0.0
74,-20,-120,0.0,0.0,"(-25.0, -15.0, -125.0, -115.0)",-inf,0.0,24.0
75,-10,-120,0.5873,0.5873,"(-15.0, -5.0, -125.0, -115.0)",-0.23113999915704286,1.0,0.0
76,0,-120,0.0,0.0,"(-5.0, 5.0, -125.0, -115.0)",-inf,0.0,24.0
77,10,-120,0.4801,0.4801,"(5.0, 15.0, -125.0, -115.0)",-0.31866829403083424,1.0,0.0
78,20,-120,0.0473,0.0473,"(15.0, 25.0, -125.0, -115.0)",-1.3251388592621884,1.0,0.0
79,30,-120,0.0005999999999999,0.0005999999999999,"(25.0, 35.0, -125.0, -115.0)",-3.221848749616429,0.0005999999999999,24.0
80,40,-120,0.2167,0.2167,"(35.0, 45.0, -125.0, -115.0)",-0.6641410886801821,1.0,0.0
81,50,-120,0.034,0.034,"(45.0, 55.0, -125.0, -115.0)",-1.4685210829577449,1.0,0.0
82,60,-120,0.6190999999999999,0.6190999999999999,"(55.0, 65.0, -125.0, -115.0)",-0.20823919598709514,1.0,0.0
83,70,-120,0.0504,0.0504,"(65.0, 75.0, -125.0, -115.0)",-1.2975694635544748,1.0,0.0
84,-60,-110,0.0137999999999999,0.0137999999999999,"(-65.0, -55.0, -115.0, -105.0)",-1.8601209135987666,1.0,0.0
85,-50,-110,0.0015,0.0015,"(-55.0, -45.0, -115.0, -105.0)",-2.8239087409443187,0.0015,24.0
86,-40,-110,0.0524999999999999,0.0524999999999999,"(-45.0, -35.0, -115.0, -105.0)",-1.2798406965940439,1.0,0.0
87,-30,-110,0.0164,0.0164,"(-35.0, -25.0, -115.0, -105.0)",-1.785156151952302,1.0,0.0
88,-20,-110,0.0001,0.0001,"(-25.0, -15.0, -115.0, -105.0)",-4.0,0.0001,24.0
89,-10,-110,0.1043,0.1043,"(-15.0, -5.0, -115.0, -105.0)",-0.981715691573469,1.0,0.0
90,0,-110,0.0002,0.0002,"(-5.0, 5.0, -115.0, -105.0)",-3.6989700043360187,0.0002,24.0
91,10,-110,0.1791999999999999,0.1791999999999999,"(5.0, 15.0, -115.0, -105.0)",-0.7466619946738939,1.0,0.0
92,20,-110,0.0025,0.0025,"(15.0, 25.0, -115.0, -105.0)",-2.6020599913279625,0.0025,12.0
93,30,-110,0.0004,0.0004,"(25.0, 35.0, -115.0, -105.0)",-3.3979400086720375,0.0004,24.0
94,40,-110,0.1715,0.1715,"(35.0, 45.0, -115.0, -105.0)",-0.7657358756212107,1.0,0.0
95,50,-110,0.2585,0.2585,"(45.0, 55.0, -115.0, -105.0)",-0.5875394525700387,1.0,0.0
96,60,-110,0.7973,0.7973,"(55.0, 65.0, -115.0, -105.0)",-0.0983782359066428,1.0,0.0
97,70,-110,0.0323,0.0323,"(65.0, 75.0, -115.0, -105.0)",-1.490797477668897,1.0,0.0
98,-60,-100,0.0057999999999999,0.0057999999999999,"(-65.0, -55.0, -105.0, -95.0)",-2.23657200643707,1.0,16.0
99,-50,-100,0.0013999999999999,0.0013999999999999,"(-55.0, -45.0, -105.0, -95.0)",-2.853871964321793,0.0013999999999999,24.0
100,-40,-100,0.0310999999999999,0.0310999999999999,"(-45.0, -35.0, -105.0, -95.0)",-1.5072396109731638,1.0,0.0
101,-30,-100,0.0055999999999999,0.0055999999999999,"(-35.0, -25.0, -105.0, -95.0)",-2.2518119729938073,1.0,19.0
102,-20,-100,0.0012999999999999,0.0012999999999999,"(-25.0, -15.0, -105.0, -95.0)",-2.886056647693197,0.0012999999999999,24.0
103,-10,-100,0.0379999999999999,0.0379999999999999,"(-15.0, -5.0, -105.0, -95.0)",-1.420216403383191,1.0,0.0
104,0,-100,0.0005999999999999,0.0005999999999999,"(-5.0, 5.0, -105.0, -95.0)",-3.221848749616429,0.0005999999999999,24.0
105,10,-100,0.3437999999999999,0.3437999999999999,"(5.0, 15.0, -105.0, -95.0)",-0.46369412764896656,1.0,0.0
106,20,-100,0.6794,0.6794,"(15.0, 25.0, -105.0, -95.0)",-0.16787445746599083,1.0,0.0
107,30,-100,0.0829,0.0829,"(25.0, 35.0, -105.0, -95.0)",-1.0814454694497264,1.0,0.0
108,40,-100,0.0587999999999999,0.0587999999999999,"(35.0, 45.0, -105.0, -95.0)",-1.2306226739238622,1.0,0.0
109,50,-100,0.5222999999999999,0.5222999999999999,"(45.0, 55.0, -105.0, -95.0)",-0.28207997416300645,1.0,0.0
110,60,-100,0.8505,0.8505,"(55.0, 65.0, -105.0, -95.0)",-0.07032568205141217,1.0,0.0
111,70,-100,0.0738999999999999,0.0738999999999999,"(65.0, 75.0, -105.0, -95.0)",-1.131355561605175,1.0,0.0
112,-60,-90,0.0002,0.0002,"(-65.0, -55.0, -95.0, -85.0)",-3.6989700043360187,0.0002,24.0
113,-50,-90,0.0664,0.0664,"(-55.0, -45.0, -95.0, -85.0)",-1.1778319206319825,1.0,0.0
114,-40,-90,0.0016,0.0016,"(-45.0, -35.0, -95.0, -85.0)",-2.795880017344075,0.0016,24.0
115,-30,-90,0.0022999999999999,0.0022999999999999,"(-35.0, -25.0, -95.0, -85.0)",-2.638272163982426,0.0022999999999999,24.0
116,-20,-90,0.0181,0.0181,"(-25.0, -15.0, -95.0, -85.0)",-1.7423214251308154,1.0,0.0
117,-10,-90,0.0012999999999999,0.0012999999999999,"(-15.0, -5.0, -95.0, -85.0)",-2.886056647693197,0.0012999999999999,24.0
118,0,-90,0.0099,0.0099,"(-5.0, 5.0, -95.0, -85.0)",-2.00436480540245,1.0,0.0
119,10,-90,0.8565,0.8565,"(5.0, 15.0, -95.0, -85.0)",-0.06727263269847068,1.0,0.0
120,20,-90,0.7427,0.7427,"(15.0, 25.0, -95.0, -85.0)",-0.12918657608440248,1.0,0.0
121,30,-90,0.0172,0.0172,"(25.0, 35.0, -95.0, -85.0)",-1.764471553092451,1.0,0.0
122,40,-90,0.2474,0.2474,"(35.0, 45.0, -95.0, -85.0)",-0.6066003047068982,1.0,0.0
123,50,-90,0.2736,0.2736,"(45.0, 55.0, -95.0, -85.0)",-0.5628839069519214,1.0,0.0
124,60,-90,0.9068,0.9068,"(55.0, 65.0, -95.0, -85.0)",-0.042488488545520196,1.0,0.0
125,70,-90,0.4823999999999999,0.4823999999999999,"(65.0, 75.0, -95.0, -85.0)",-0.3165927008679052,1.0,0.0
126,-60,-80,0.0013999999999999,0.0013999999999999,"(-65.0, -55.0, -85.0, -75.0)",-2.853871964321793,0.0013999999999999,24.0
127,-50,-80,0.0274,0.0274,"(-55.0, -45.0, -85.0, -75.0)",-1.562249437179612,1.0,0.0
128,-40,-80,0.0047999999999999,0.0047999999999999,"(-45.0, -35.0, -85.0, -75.0)",-2.3187587626244217,0.0047999999999999,18.0
129,-30,-80,0.1512999999999999,0.1512999999999999,"(-35.0, -25.0, -85.0, -75.0)",-0.8201610719768135,1.0,0.0
130,-20,-80,0.6513999999999999,0.6513999999999999,"(-25.0, -15.0, -85.0, -75.0)",-0.18615224577114575,1.0,0.0
131,-10,-80,0.0376,0.0376,"(-15.0, -5.0, -85.0, -75.0)",-1.424812155072339,1.0,0.0
132,0,-80,0.0561999999999999,0.0561999999999999,"(-5.0, 5.0, -85.0, -75.0)",-1.2502636844309396,1.0,0.0
133,10,-80,0.0005999999999999,0.0005999999999999,"(5.0, 15.0, -85.0, -75.0)",-3.221848749616429,0.0005999999999999,24.0
134,20,-80,0.7639,0.7639,"(15.0, 25.0, -85.0, -75.0)",-0.1169634899723202,1.0,0.0
135,30,-80,0.0013999999999999,0.0013999999999999,"(25.0, 35.0, -85.0, -75.0)",-2.853871964321793,0.0013999999999999,24.0
136,40,-80,0.3362999999999999,0.3362999999999999,"(35.0, 45.0, -85.0, -75.0)",-0.47327313268536453,1.0,0.0
137,50,-80,0.0229,0.0229,"(45.0, 55.0, -85.0, -75.0)",-1.640164517660112,1.0,0.0
138,60,-80,0.8225999999999999,0.8225999999999999,"(55.0, 65.0, -85.0, -75.0)",-0.08481129482684377,1.0,0.0
139,70,-80,0.6399,0.6399,"(65.0, 75.0, -85.0, -75.0)",-0.1938878898309088,1.0,0.0
140,-60,-70,0.007,0.007,"(-65.0, -55.0, -75.0, -65.0)",-2.154901959985743,1.0,0.0
141,-50,-70,0.4655,0.4655,"(-55.0, -45.0, -75.0, -65.0)",-0.33208031468263854,1.0,0.0
142,-40,-70,0.0015,0.0015,"(-45.0, -35.0, -75.0, -65.0)",-2.8239087409443187,0.0015,24.0
143,-30,-70,0.7088999999999999,0.7088999999999999,"(-35.0, -25.0, -75.0, -65.0)",-0.14941502364796863,1.0,0.0
144,-20,-70,0.0202999999999999,0.0202999999999999,"(-25.0, -15.0, -75.0, -65.0)",-1.6925039620867892,1.0,0.0
145,-10,-70,0.0418999999999999,0.0418999999999999,"(-15.0, -5.0, -75.0, -65.0)",-1.3777859770337058,1.0,0.0
146,0,-70,0.0091,0.0091,"(-5.0, 5.0, -75.0, -65.0)",-2.040958607678906,1.0,0.0
147,10,-70,0.0,0.0,"(5.0, 15.0, -75.0, -65.0)",-inf,0.0,24.0
148,20,-70,0.6325,0.6325,"(15.0, 25.0, -75.0, -65.0)",-0.1989394701521445,1.0,0.0
149,30,-70,0.0,0.0,"(25.0, 35.0, -75.0, -65.0)",-inf,0.0,24.0
150,40,-70,0.9009,0.9009,"(35.0, 45.0, -75.0, -65.0)",-0.04532341308135647,1.0,0.0
151,50,-70,0.0413999999999999,0.0413999999999999,"(45.0, 55.0, -75.0, -65.0)",-1.382999658879102,1.0,0.0
152,60,-70,0.6733999999999999,0.6733999999999999,"(55.0, 65.0, -75.0, -65.0)",-0.17172688794793028,1.0,0.0
153,70,-70,0.5456999999999999,0.5456999999999999,"(65.0, 75.0, -75.0, -65.0)",-0.2630460462168541,1.0,0.0
154,-60,-60,0.0548,0.0548,"(-65.0, -55.0, -65.0, -55.0)",-1.2612194415156308,1.0,0.0
155,-50,-60,0.0952999999999999,0.0952999999999999,"(-55.0, -45.0, -65.0, -55.0)",-1.020907099361674,1.0,0.0
156,-40,-60,0.0001,0.0001,"(-45.0, -35.0, -65.0, -55.0)",-4.0,0.0001,24.0
157,-30,-60,0.0,0.0,"(-35.0, -25.0, -65.0, -55.0)",-inf,0.0,24.0
158,-20,-60,0.3946,0.3946,"(-25.0, -15.0, -65.0, -55.0)",-0.40384291908382763,1.0,0.0
159,-10,-60,0.0073,0.0073,"(-15.0, -5.0, -65.0, -55.0)",-2.136677139879544,1.0,11.0
160,0,-60,0.0,0.0,"(-5.0, 5.0, -65.0, -55.0)",-inf,0.0,24.0
161,10,-60,0.0,0.0,"(5.0, 15.0, -65.0, -55.0)",-inf,0.0,24.0
162,20,-60,0.3709999999999999,0.3709999999999999,"(15.0, 25.0, -65.0, -55.0)",-0.43062609038495425,1.0,0.0
163,30,-60,0.0004,0.0004,"(25.0, 35.0, -65.0, -55.0)",-3.3979400086720375,0.0004,24.0
164,40,-60,0.4929,0.4929,"(35.0, 45.0, -65.0, -55.0)",-0.3072411818452758,1.0,0.0
165,50,-60,0.0167999999999999,0.0167999999999999,"(45.0, 55.0, -65.0, -55.0)",-1.7746907182741398,1.0,0.0
166,60,-60,0.4400999999999999,0.4400999999999999,"(55.0, 65.0, -65.0, -55.0)",-0.356448631437055,1.0,0.0
167,70,-60,0.6916999999999999,0.6916999999999999,"(65.0, 75.0, -65.0, -55.0)",-0.16008222432131908,1.0,0.0
168,-60,-50,0.9348,0.9348,"(-65.0, -55.0, -55.0, -45.0)",-0.029281296279810735,1.0,0.0
169,-50,-50,0.0095999999999999,0.0095999999999999,"(-55.0, -45.0, -55.0, -45.0)",-2.017728766960436,1.0,4.0
170,-40,-50,0.0061,0.0061,"(-45.0, -35.0, -55.0, -45.0)",-2.214670164989233,1.0,3.0
171,-30,-50,0.0037,0.0037,"(-35.0, -25.0, -55.0, -45.0)",-2.431798275933005,0.0037,23.0
172,-20,-50,0.2048,0.2048,"(-25.0, -15.0, -55.0, -45.0)",-0.6886700476962069,1.0,0.0
173,-10,-50,0.0002999999999999,0.0002999999999999,"(-15.0, -5.0, -55.0, -45.0)",-3.522878745280482,0.0002999999999999,24.0
174,0,-50,0.0,0.0,"(-5.0, 5.0, -55.0, -45.0)",-inf,0.0,24.0
175,10,-50,0.0004,0.0004,"(5.0, 15.0, -55.0, -45.0)",-3.3979400086720375,0.0004,24.0
176,20,-50,0.6063,0.6063,"(15.0, 25.0, -55.0, -45.0)",-0.2173124317650336,1.0,0.0
177,30,-50,0.0129,0.0129,"(25.0, 35.0, -55.0, -45.0)",-1.889410289700751,1.0,0.0
178,40,-50,0.0352,0.0352,"(35.0, 45.0, -55.0, -45.0)",-1.453457336521869,1.0,0.0
179,50,-50,0.0228,0.0228,"(45.0, 55.0, -55.0, -45.0)",-1.6420651529995463,1.0,0.0
180,60,-50,0.0456999999999999,0.0456999999999999,"(55.0, 65.0, -55.0, -45.0)",-1.3400837999301507,1.0,0.0
181,70,-50,0.5856999999999999,0.5856999999999999,"(65.0, 75.0, -55.0, -45.0)",-0.23232477597204004,1.0,0.0
182,-60,-40,0.9234,0.9234,"(-65.0, -55.0, -45.0, -35.0)",-0.03461012978487765,1.0,0.0
183,-50,-40,0.1736,0.1736,"(-55.0, -45.0, -45.0, -35.0)",-0.7604502791595269,1.0,0.0
184,-40,-40,0.033,0.033,"(-45.0, -35.0, -45.0, -35.0)",-1.4814860601221125,1.0,0.0
185,-30,-40,0.0621,0.0621,"(-35.0, -25.0, -45.0, -35.0)",-1.2069083998234198,1.0,0.0
186,-20,-40,0.6458,0.6458,"(-25.0, -15.0, -45.0, -35.0)",-0.18990195931885714,1.0,0.0
187,-10,-40,0.002,0.002,"(-15.0, -5.0, -45.0, -35.0)",-2.6989700043360187,0.002,24.0
188,0,-40,0.0,0.0,"(-5.0, 5.0, -45.0, -35.0)",-inf,0.0,24.0
189,10,-40,0.0043,0.0043,"(5.0, 15.0, -45.0, -35.0)",-2.3665315444204134,0.0043,18.0
190,20,-40,0.6083,0.6083,"(15.0, 25.0, -45.0, -35.0)",-0.21588218353707672,1.0,0.0
191,30,-40,0.0298999999999999,0.0298999999999999,"(25.0, 35.0, -45.0, -35.0)",-1.5243288116755718,1.0,0.0
192,40,-40,0.0177,0.0177,"(35.0, 45.0, -45.0, -35.0)",-1.7520267336381934,1.0,0.0
193,50,-40,0.8175,0.8175,"(45.0, 55.0, -45.0, -35.0)",-0.08751223866767631,1.0,0.0
194,60,-40,0.2278999999999999,0.2278999999999999,"(55.0, 65.0, -45.0, -35.0)",-0.6422556748196246,1.0,0.0
195,70,-40,0.8251,0.8251,"(65.0, 75.0, -45.0, -35.0)",-0.08349341288484435,1.0,0.0
196,-60,-30,0.9826,0.9826,"(-65.0, -55.0, -35.0, -25.0)",-0.007623240201197006,1.0,0.0
197,-50,-30,0.0691999999999999,0.0691999999999999,"(-55.0, -45.0, -35.0, -25.0)",-1.159893905543243,1.0,0.0
198,-40,-30,0.0985999999999999,0.0985999999999999,"(-45.0, -35.0, -35.0, -25.0)",-1.0061230850587892,1.0,0.0
199,-30,-30,0.4320999999999999,0.4320999999999999,"(-35.0, -25.0, -35.0, -25.0)",-0.36441573368877,1.0,0.0
200,-20,-30,0.8083,0.8083,"(-25.0, -15.0, -35.0, -25.0)",-0.09242742120144903,1.0,0.0
201,-10,-30,0.0621999999999999,0.0621999999999999,"(-15.0, -5.0, -35.0, -25.0)",-1.206209615309182,1.0,0.0
202,0,-30,0.0005999999999999,0.0005999999999999,"(-5.0, 5.0, -35.0, -25.0)",-3.221848749616429,0.0005999999999999,24.0
203,10,-30,0.0446999999999999,0.0446999999999999,"(5.0, 15.0, -35.0, -25.0)",-1.3496924768680645,1.0,0.0
204,20,-30,0.3069999999999999,0.3069999999999999,"(15.0, 25.0, -35.0, -25.0)",-0.5128616245228137,1.0,0.0
205,30,-30,0.0461999999999999,0.0461999999999999,"(25.0, 35.0, -35.0, -25.0)",-1.3353580244438754,1.0,0.0
206,40,-30,0.1171999999999999,0.1171999999999999,"(35.0, 45.0, -35.0, -25.0)",-0.9310723883179285,1.0,0.0
207,50,-30,0.6328,0.6328,"(45.0, 55.0, -35.0, -25.0)",-0.1987335295103798,1.0,0.0
208,60,-30,0.8789,0.8789,"(55.0, 65.0, -35.0, -25.0)",-0.056060535527783555,1.0,0.0
209,70,-30,0.7741999999999999,0.7741999999999999,"(65.0, 75.0, -35.0, -25.0)",-0.11114683301706378,1.0,0.0
210,-60,-20,0.9471,0.9471,"(-65.0, -55.0, -25.0, -15.0)",-0.02360416338812017,1.0,0.0
211,-50,-20,0.0172,0.0172,"(-55.0, -45.0, -25.0, -15.0)",-1.764471553092451,1.0,0.0
212,-40,-20,0.2058999999999999,0.2058999999999999,"(-45.0, -35.0, -25.0, -15.0)",-0.6863436533819689,1.0,0.0
213,-30,-20,0.3381,0.3381,"(-35.0, -25.0, -25.0, -15.0)",-0.47095482923423104,1.0,0.0
214,-20,-20,0.4425,0.4425,"(-25.0, -15.0, -25.0, -15.0)",-0.3540867249661558,1.0,0.0
215,-10,-20,0.137,0.137,"(-15.0, -5.0, -25.0, -15.0)",-0.8632794328435931,1.0,0.0
216,0,-20,0.0022999999999999,0.0022999999999999,"(-5.0, 5.0, -25.0, -15.0)",-2.638272163982426,0.0022999999999999,24.0
217,10,-20,0.2903,0.2903,"(5.0, 15.0, -25.0, -15.0)",-0.5371529641683263,1.0,0.0
218,20,-20,0.8155999999999999,0.8155999999999999,"(15.0, 25.0, -25.0, -15.0)",-0.08852278289389767,1.0,0.0
219,30,-20,0.9261,0.9261,"(25.0, 35.0, -25.0, -15.0)",-0.03334211579824218,1.0,0.0
220,40,-20,0.0585,0.0585,"(35.0, 45.0, -25.0, -15.0)",-1.2328441339178196,1.0,0.0
221,50,-20,0.2782,0.2782,"(45.0, 55.0, -25.0, -15.0)",-0.5556428743439723,1.0,0.0
222,60,-20,0.1761999999999999,0.1761999999999999,"(55.0, 65.0, -25.0, -15.0)",-0.7539940959239712,1.0,0.0
223,70,-20,0.8016999999999999,0.8016999999999999,"(65.0, 75.0, -25.0, -15.0)",-0.09598811640261184,1.0,0.0
224,-60,-10,0.9859,0.9859,"(-65.0, -55.0, -15.0, -5.0)",-0.006167133386013857,1.0,0.0
225,-50,-10,0.0517,0.0517,"(-55.0, -45.0, -15.0, -5.0)",-1.2865094569060576,1.0,0.0
226,-40,-10,0.0055999999999999,0.0055999999999999,"(-45.0, -35.0, -15.0, -5.0)",-2.2518119729938073,1.0,12.0
227,-30,-10,0.8425,0.8425,"(-35.0, -25.0, -15.0, -5.0)",-0.07443009045662374,1.0,0.0
228,-20,-10,0.5129,0.5129,"(-25.0, -15.0, -15.0, -5.0)",-0.2899673009342464,1.0,0.0
229,-10,-10,0.2091,0.2091,"(-15.0, -5.0, -15.0, -5.0)",-0.6796459671823282,1.0,0.0
230,0,-10,0.0002999999999999,0.0002999999999999,"(-5.0, 5.0, -15.0, -5.0)",-3.522878745280482,0.0002999999999999,24.0
231,10,-10,0.1839999999999999,0.1839999999999999,"(5.0, 15.0, -15.0, -5.0)",-0.7351821769904637,1.0,0.0
232,20,-10,0.7563999999999999,0.7563999999999999,"(15.0, 25.0, -15.0, -5.0)",-0.12124847982699796,1.0,0.0
233,30,-10,0.7012,0.7012,"(25.0, 35.0, -15.0, -5.0)",-0.15415809257824264,1.0,0.0
234,40,-10,0.1771999999999999,0.1771999999999999,"(35.0, 45.0, -15.0, -5.0)",-0.7515362824489682,1.0,0.0
235,50,-10,0.0783999999999999,0.0783999999999999,"(45.0, 55.0, -15.0, -5.0)",-1.105683937315562,1.0,0.0
236,60,-10,0.4637,0.4637,"(55.0, 65.0, -15.0, -5.0)",-0.33376290410419557,1.0,0.0
237,70,-10,0.9623,0.9623,"(65.0, 75.0, -15.0, -5.0)",-0.016689514205884434,1.0,0.0
238,-60,0,0.7185,0.7185,"(-65.0, -55.0, -5.0, 5.0)",-0.14357322752975551,1.0,0.0
239,-50,0,0.0088,0.0088,"(-55.0, -45.0, -5.0, 5.0)",-2.0555173278498313,1.0,0.0
240,-40,0,0.1529999999999999,0.1529999999999999,"(-45.0, -35.0, -5.0, 5.0)",-0.8153085691824015,1.0,0.0
241,-30,0,0.0415999999999999,0.0415999999999999,"(-35.0, -25.0, -5.0, 5.0)",-1.3809066693732583,1.0,0.0
242,-20,0,0.6755999999999999,0.6755999999999999,"(-25.0, -15.0, -5.0, 5.0)",-0.170310359101029,1.0,0.0
243,-10,0,0.0143,0.0143,"(-15.0, -5.0, -5.0, 5.0)",-1.8446639625349381,1.0,0.0
244,0,0,0.0,0.0,"(-5.0, 5.0, -5.0, 5.0)",-inf,0.0,24.0
245,10,0,0.3454999999999999,0.3454999999999999,"(5.0, 15.0, -5.0, 5.0)",-0.46155194828978285,1.0,0.0
246,20,0,0.6332999999999999,0.6332999999999999,"(15.0, 25.0, -5.0, 5.0)",-0.19839051197268126,1.0,0.0
247,30,0,0.8516,0.8516,"(25.0, 35.0, -5.0, 5.0)",-0.06976434723371504,1.0,0.0
248,40,0,0.3039999999999999,0.3039999999999999,"(35.0, 45.0, -5.0, 5.0)",-0.5171264163912465,1.0,0.0
249,50,0,0.1678999999999999,0.1678999999999999,"(45.0, 55.0, -5.0, 5.0)",-0.7749493038619515,1.0,0.0
250,60,0,0.6047,0.6047,"(55.0, 65.0, -5.0, 5.0)",-0.21846003139405826,1.0,0.0
251,70,0,0.8168999999999998,0.8168999999999998,"(65.0, 75.0, -5.0, 5.0)",-0.08783110394037306,1.0,0.0
252,-60,10,0.8089,0.8089,"(-65.0, -55.0, 5.0, 15.0)",-0.09210516458371713,1.0,0.0
253,-50,10,0.0148,0.0148,"(-55.0, -45.0, 5.0, 15.0)",-1.8297382846050425,1.0,0.0
254,-40,10,0.0051,0.0051,"(-45.0, -35.0, 5.0, 15.0)",-2.2924298239020637,1.0,7.0
255,-30,10,0.1821,0.1821,"(-35.0, -25.0, 5.0, 15.0)",-0.7396900542050799,1.0,0.0
256,-20,10,0.0137,0.0137,"(-25.0, -15.0, 5.0, 15.0)",-1.8632794328435933,1.0,0.0
257,-10,10,0.2174,0.2174,"(-15.0, -5.0, 5.0, 15.0)",-0.6627404602497242,1.0,0.0
258,0,10,0.0071,0.0071,"(-5.0, 5.0, 5.0, 15.0)",-2.1487416512809245,1.0,1.0
259,10,10,0.2793999999999999,0.2793999999999999,"(5.0, 15.0, 5.0, 15.0)",-0.553773598221837,1.0,0.0
260,20,10,0.3240999999999999,0.3240999999999999,"(15.0, 25.0, 5.0, 15.0)",-0.4893209689677902,1.0,0.0
261,30,10,0.2983,0.2983,"(25.0, 35.0, 5.0, 15.0)",-0.5253467466379373,1.0,0.0
262,40,10,0.626,0.626,"(35.0, 45.0, 5.0, 15.0)",-0.20342566678957033,1.0,0.0
263,50,10,0.5555999999999999,0.5555999999999999,"(45.0, 55.0, 5.0, 15.0)",-0.25523776293442213,1.0,0.0
264,60,10,0.9125,0.9125,"(55.0, 65.0, 5.0, 15.0)",-0.039767126871487694,1.0,0.0
265,70,10,0.8567,0.8567,"(65.0, 75.0, 5.0, 15.0)",-0.06717123309915336,1.0,0.0
266,-60,20,0.968,0.968,"(-65.0, -55.0, 15.0, 25.0)",-0.014124642691606343,1.0,0.0
267,-50,20,0.0320999999999999,0.0320999999999999,"(-55.0, -45.0, 15.0, 25.0)",-1.4934949675951292,1.0,0.0
268,-40,20,0.1476999999999999,0.1476999999999999,"(-45.0, -35.0, 15.0, 25.0)",-0.8306195046880508,1.0,0.0
269,-30,20,0.0313,0.0313,"(-35.0, -25.0, 15.0, 25.0)",-1.5044556624535514,1.0,0.0
270,-20,20,0.0002,0.0002,"(-25.0, -15.0, 15.0, 25.0)",-3.6989700043360187,0.0002,24.0
271,-10,20,0.6176,0.6176,"(-15.0, -5.0, 15.0, 25.0)",-0.20929271267232022,1.0,0.0
272,0,20,0.1899,0.1899,"(-5.0, 5.0, 15.0, 25.0)",-0.7214750352629824,1.0,0.0
273,10,20,0.0974,0.0974,"(5.0, 15.0, 15.0, 25.0)",-1.0114410431213845,1.0,0.0
274,20,20,0.504,0.504,"(15.0, 25.0, 15.0, 25.0)",-0.29756946355447467,1.0,0.0
275,30,20,0.7270999999999999,0.7270999999999999,"(25.0, 35.0, 15.0, 25.0)",-0.13840585535613478,1.0,0.0
276,40,20,0.8393,0.8393,"(35.0, 45.0, 15.0, 25.0)",-0.07608277688689447,1.0,0.0
277,50,20,0.5564999999999999,0.5564999999999999,"(45.0, 55.0, 15.0, 25.0)",-0.254534831329273,1.0,0.0
278,60,20,0.5665999999999999,0.5665999999999999,"(55.0, 65.0, 15.0, 25.0)",-0.2467234298155817,1.0,0.0
279,70,20,0.509,0.509,"(65.0, 75.0, 15.0, 25.0)",-0.29328221766324125,1.0,0.0
280,-60,30,0.7339999999999999,0.7339999999999999,"(-65.0, -55.0, 25.0, 35.0)",-0.13430394008392954,1.0,0.0
281,-50,30,0.1542999999999999,0.1542999999999999,"(-55.0, -45.0, 25.0, 35.0)",-0.8116340739368519,1.0,0.0
282,-40,30,0.3568,0.3568,"(-45.0, -35.0, 25.0, 35.0)",-0.44757515429591455,1.0,0.0
283,-30,30,0.0037999999999999,0.0037999999999999,"(-35.0, -25.0, 25.0, 35.0)",-2.4202164033832014,0.0037999999999999,16.0
284,-20,30,0.0,0.0,"(-25.0, -15.0, 25.0, 35.0)",-inf,0.0,24.0
285,-10,30,0.2892,0.2892,"(-15.0, -5.0, 25.0, 35.0)",-0.5388017113775068,1.0,0.0
286,0,30,0.032,0.032,"(-5.0, 5.0, 25.0, 35.0)",-1.494850021680094,1.0,0.0
287,10,30,0.2566999999999999,0.2566999999999999,"(5.0, 15.0, 25.0, 35.0)",-0.5905741313285569,1.0,0.0
288,20,30,0.0854,0.0854,"(15.0, 25.0, 25.0, 35.0)",-1.068542129310995,1.0,0.0
289,30,30,0.0051999999999999,0.0051999999999999,"(25.0, 35.0, 25.0, 35.0)",-2.283996656365209,1.0,20.0
290,40,30,0.3770999999999999,0.3770999999999999,"(35.0, 45.0, 25.0, 35.0)",-0.42354346759437994,1.0,0.0
291,50,30,0.4225999999999999,0.4225999999999999,"(45.0, 55.0, 25.0, 35.0)",-0.3740705072837055,1.0,0.0
292,60,30,0.6835999999999999,0.6835999999999999,"(55.0, 65.0, 25.0, 35.0)",-0.16519794595130086,1.0,0.0
293,70,30,0.8906,0.8906,"(65.0, 75.0, 25.0, 35.0)",-0.05031730920479589,1.0,0.0
294,-60,40,0.2777999999999999,0.2777999999999999,"(-65.0, -55.0, 35.0, 45.0)",-0.5562677585984035,1.0,0.0
295,-50,40,0.0806999999999999,0.0806999999999999,"(-55.0, -45.0, 35.0, 45.0)",-1.0931264652779302,1.0,0.0
296,-40,40,0.0401999999999999,0.0401999999999999,"(-45.0, -35.0, 35.0, 45.0)",-1.395773946915531,1.0,0.0
297,-30,40,0.0044,0.0044,"(-35.0, -25.0, 35.0, 45.0)",-2.3565473235138126,0.0044,18.0
298,-20,40,0.0,0.0,"(-25.0, -15.0, 35.0, 45.0)",-inf,0.0,24.0
299,-10,40,0.9451,0.9451,"(-15.0, -5.0, 35.0, 45.0)",-0.02452223683412537,1.0,0.0
300,0,40,0.0035999999999999,0.0035999999999999,"(-5.0, 5.0, 35.0, 45.0)",-2.4436974992327247,0.0035999999999999,20.0
301,10,40,0.0207999999999999,0.0207999999999999,"(5.0, 15.0, 35.0, 45.0)",-1.6819366650372405,1.0,0.0
302,20,40,0.0142,0.0142,"(15.0, 25.0, 35.0, 45.0)",-1.8477116556169435,1.0,2.0
303,30,40,0.0002999999999999,0.0002999999999999,"(25.0, 35.0, 35.0, 45.0)",-3.522878745280482,0.0002999999999999,24.0
304,40,40,0.0074999999999999,0.0074999999999999,"(35.0, 45.0, 35.0, 45.0)",-2.1249387366083057,1.0,0.0
305,50,40,0.5769999999999998,0.5769999999999998,"(45.0, 55.0, 35.0, 45.0)",-0.2388241868442687,1.0,0.0
306,60,40,0.4173,0.4173,"(55.0, 65.0, 35.0, 45.0)",-0.3795516152882912,1.0,0.0
307,70,40,0.5988999999999999,0.5988999999999999,"(65.0, 75.0, 35.0, 45.0)",-0.22264568691579129,1.0,0.0
308,-60,50,0.1345999999999999,0.1345999999999999,"(-65.0, -55.0, 45.0, 55.0)",-0.8709549401120423,1.0,0.0
309,-50,50,0.3795,0.3795,"(-55.0, -45.0, 45.0, 55.0)",-0.42078821976850084,1.0,0.0
310,-40,50,0.4346999999999999,0.4346999999999999,"(-45.0, -35.0, 45.0, 55.0)",-0.36181035980916304,1.0,0.0
311,-30,50,0.0016999999999999,0.0016999999999999,"(-35.0, -25.0, 45.0, 55.0)",-2.7695510786217516,0.0016999999999999,24.0
312,-20,50,0.1135,0.1135,"(-25.0, -15.0, 45.0, 55.0)",-0.9450041384708585,1.0,0.0
313,-10,50,0.0303999999999999,0.0303999999999999,"(-15.0, -5.0, 45.0, 55.0)",-1.5171264163912477,1.0,0.0
314,0,50,0.0002,0.0002,"(-5.0, 5.0, 45.0, 55.0)",-3.6989700043360187,0.0002,24.0
315,10,50,0.0001,0.0001,"(5.0, 15.0, 45.0, 55.0)",-4.0,0.0001,24.0
316,20,50,0.0005,0.0005,"(15.0, 25.0, 45.0, 55.0)",-3.3010299956639813,0.0005,24.0
317,30,50,0.0,0.0,"(25.0, 35.0, 45.0, 55.0)",-inf,0.0,24.0
318,40,50,0.0032,0.0032,"(35.0, 45.0, 45.0, 55.0)",-2.494850021680094,0.0032,24.0
319,50,50,0.0997999999999999,0.0997999999999999,"(45.0, 55.0, 45.0, 55.0)",-1.0008694587126292,1.0,0.0
320,60,50,0.4588999999999999,0.4588999999999999,"(55.0, 65.0, 45.0, 55.0)",-0.33828194230534075,1.0,0.0
321,70,50,0.8953999999999999,0.8953999999999999,"(65.0, 75.0, 45.0, 55.0)",-0.047982909952573795,1.0,0.0
322,-60,60,0.203,0.203,"(-65.0, -55.0, 55.0, 65.0)",-0.692503962086787,1.0,0.0
323,-50,60,0.3212999999999999,0.3212999999999999,"(-55.0, -45.0, 55.0, 65.0)",-0.49308927444848205,1.0,0.0
324,-40,60,0.6564999999999999,0.6564999999999999,"(-45.0, -35.0, 55.0, 65.0)",-0.18276526957450195,1.0,0.0
325,-30,60,0.7465,0.7465,"(-35.0, -25.0, 55.0, 65.0)",-0.12697018793895576,1.0,0.0
326,-20,60,0.0047,0.0047,"(-25.0, -15.0, 55.0, 65.0)",-2.3279021420642825,0.0047,8.0
327,-10,60,0.0005,0.0005,"(-15.0, -5.0, 55.0, 65.0)",-3.3010299956639813,0.0005,24.0
328,0,60,0.0001,0.0001,"(-5.0, 5.0, 55.0, 65.0)",-4.0,0.0001,24.0
329,10,60,0.0183999999999999,0.0183999999999999,"(5.0, 15.0, 55.0, 65.0)",-1.7351821769904658,1.0,0.0
330,20,60,0.4929999999999999,0.4929999999999999,"(15.0, 25.0, 55.0, 65.0)",-0.3071530807227701,1.0,0.0
331,30,60,0.0108999999999999,0.0108999999999999,"(25.0, 35.0, 55.0, 65.0)",-1.9625735020593804,1.0,0.0
332,40,60,0.0002,0.0002,"(35.0, 45.0, 55.0, 65.0)",-3.6989700043360187,0.0002,24.0
333,50,60,0.0667999999999999,0.0667999999999999,"(45.0, 55.0, 55.0, 65.0)",-1.175223537524455,1.0,0.0
334,60,60,0.0803999999999999,0.0803999999999999,"(55.0, 65.0, 55.0, 65.0)",-1.0947439512515493,1.0,0.0
335,70,60,0.2767999999999999,0.2767999999999999,"(65.0, 75.0, 55.0, 65.0)",-0.55783391421528,1.0,0.0
336,-60,70,0.7012,0.7012,"(-65.0, -55.0, 65.0, 75.0)",-0.15415809257824264,1.0,0.0
337,-50,70,0.2228999999999999,0.2228999999999999,"(-55.0, -45.0, 65.0, 75.0)",-0.6518899315197625,1.0,0.0
338,-40,70,0.7202,0.7202,"(-45.0, -35.0, 65.0, 75.0)",-0.1425468829647335,1.0,0.0
339,-30,70,0.0001,0.0001,"(-35.0, -25.0, 65.0, 75.0)",-4.0,0.0001,24.0
340,-20,70,0.0,0.0,"(-25.0, -15.0, 65.0, 75.0)",-inf,0.0,24.0
341,-10,70,0.003,0.003,"(-15.0, -5.0, 65.0, 75.0)",-2.5228787452803374,0.003,24.0
342,0,70,0.0011999999999999,0.0011999999999999,"(-5.0, 5.0, 65.0, 75.0)",-2.9208187539524113,0.0011999999999999,24.0
343,10,70,0.7069999999999999,0.7069999999999999,"(5.0, 15.0, 65.0, 75.0)",-0.1505805862031007,1.0,0.0
344,20,70,0.0025,0.0025,"(15.0, 25.0, 65.0, 75.0)",-2.6020599913279625,0.0025,13.0
345,30,70,0.1082,0.1082,"(25.0, 35.0, 65.0, 75.0)",-0.9657727392294493,1.0,0.0
346,40,70,0.0001,0.0001,"(35.0, 45.0, 65.0, 75.0)",-4.0,0.0001,24.0
347,50,70,0.0298999999999999,0.0298999999999999,"(45.0, 55.0, 65.0, 75.0)",-1.5243288116755718,1.0,0.0
348,60,70,0.2472,0.2472,"(55.0, 65.0, 65.0, 75.0)",-0.6069515335832217,1.0,0.0
349,70,70,0.6582999999999999,0.6582999999999999,"(65.0, 75.0, 65.0, 75.0)",-0.18157614490792126,1.0,0.0
350,-60,80,0.2636999999999999,0.2636999999999999,"(-65.0, -55.0, 75.0, 85.0)",-0.5788898702065659,1.0,0.0
351,-50,80,0.1756,0.1756,"(-55.0, -45.0, 75.0, 85.0)",-0.7554754884299162,1.0,0.0
352,-40,80,0.4411999999999999,0.4411999999999999,"(-45.0, -35.0, 75.0, 85.0)",-0.35536449623184707,1.0,0.0
353,-30,80,0.0,0.0,"(-35.0, -25.0, 75.0, 85.0)",-inf,0.0,24.0
354,-20,80,0.0006999999999999,0.0006999999999999,"(-25.0, -15.0, 75.0, 85.0)",-3.1549019599858052,0.0006999999999999,24.0
355,-10,80,0.261,0.261,"(-15.0, -5.0, 75.0, 85.0)",-0.5833594926617189,1.0,0.0
356,0,80,0.2285999999999999,0.2285999999999999,"(-5.0, 5.0, 75.0, 85.0)",-0.6409237739407373,1.0,0.0
357,10,80,0.0189,0.0189,"(5.0, 15.0, 75.0, 85.0)",-1.723538195826756,1.0,0.0
358,20,80,0.0972999999999999,0.0972999999999999,"(15.0, 25.0, 75.0, 85.0)",-1.0118871597316486,1.0,0.0
359,30,80,0.3206999999999999,0.3206999999999999,"(25.0, 35.0, 75.0, 85.0)",-0.4939010400715597,1.0,0.0
360,40,80,0.0333999999999999,0.0333999999999999,"(35.0, 45.0, 75.0, 85.0)",-1.4762535331884368,1.0,0.0
361,50,80,0.0878,0.0878,"(45.0, 55.0, 75.0, 85.0)",-1.0565054840938974,1.0,0.0
362,60,80,0.8661999999999999,0.8661999999999999,"(55.0, 65.0, 75.0, 85.0)",-0.06238182060617656,1.0,0.0
363,70,80,0.9001,0.9001,"(65.0, 75.0, 75.0, 85.0)",-0.045709238298872995,1.0,0.0
364,-60,90,0.5866999999999999,0.5866999999999999,"(-65.0, -55.0, 85.0, 95.0)",-0.23158391178366844,1.0,0.0
365,-50,90,0.4554,0.4554,"(-55.0, -45.0, 85.0, 95.0)",-0.341606973720876,1.0,0.0
366,-40,90,0.0604999999999999,0.0604999999999999,"(-45.0, -35.0, 85.0, 95.0)",-1.2182446253475319,1.0,0.0
367,-30,90,0.0004,0.0004,"(-35.0, -25.0, 85.0, 95.0)",-3.3979400086720375,0.0004,24.0
368,-20,90,0.6068,0.6068,"(-25.0, -15.0, 85.0, 95.0)",-0.2169544278853071,1.0,0.0
369,-10,90,0.001,0.001,"(-15.0, -5.0, 85.0, 95.0)",-3.0,0.001,24.0
370,0,90,0.6765999999999999,0.6765999999999999,"(-5.0, 5.0, 85.0, 95.0)",-0.16966800654803832,1.0,0.0
371,10,90,0.0,0.0,"(5.0, 15.0, 85.0, 95.0)",-inf,0.0,24.0
372,20,90,0.0732,0.0732,"(15.0, 25.0, 85.0, 95.0)",-1.1354889189416082,1.0,0.0
373,30,90,0.9755,0.9755,"(25.0, 35.0, 85.0, 95.0)",-0.01077272626946311,1.0,0.0
374,40,90,0.0235,0.0235,"(35.0, 45.0, 85.0, 95.0)",-1.6289321377282637,1.0,0.0
375,50,90,0.2026,0.2026,"(45.0, 55.0, 85.0, 95.0)",-0.6933605589757383,1.0,0.0
376,60,90,0.9434,0.9434,"(55.0, 65.0, 85.0, 95.0)",-0.025304128090316968,1.0,0.0
377,70,90,0.5404999999999999,0.5404999999999999,"(65.0, 75.0, 85.0, 95.0)",-0.26720430171067094,1.0,0.0
378,-60,100,0.4929999999999999,0.4929999999999999,"(-65.0, -55.0, 95.0, 105.0)",-0.3071530807227701,1.0,0.0
379,-50,100,0.9475,0.9475,"(-55.0, -45.0, 95.0, 105.0)",-0.023420781359890043,1.0,0.0
380,-40,100,0.0138999999999999,0.0138999999999999,"(-45.0, -35.0, 95.0, 105.0)",-1.8569851997459081,1.0,3.0
381,-30,100,0.0286,0.0286,"(-35.0, -25.0, 95.0, 105.0)",-1.5436339668709569,1.0,0.0
382,-20,100,0.0884999999999999,0.0884999999999999,"(-25.0, -15.0, 95.0, 105.0)",-1.053056729302175,1.0,0.0
383,-10,100,0.0,0.0,"(-15.0, -5.0, 95.0, 105.0)",-inf,0.0,24.0
384,0,100,0.1092,0.1092,"(-5.0, 5.0, 95.0, 105.0)",-0.9617773616312816,1.0,0.0
385,10,100,0.0,0.0,"(5.0, 15.0, 95.0, 105.0)",-inf,0.0,24.0
386,20,100,0.0011999999999999,0.0011999999999999,"(15.0, 25.0, 95.0, 105.0)",-2.9208187539524113,0.0011999999999999,24.0
387,30,100,0.6332999999999999,0.6332999999999999,"(25.0, 35.0, 95.0, 105.0)",-0.19839051197268126,1.0,0.0
388,40,100,0.0100999999999999,0.0100999999999999,"(35.0, 45.0, 95.0, 105.0)",-1.9956786262173616,1.0,0.0
389,50,100,0.9045,0.9045,"(45.0, 55.0, 95.0, 105.0)",-0.04359142880416746,1.0,0.0
390,60,100,0.4702,0.4702,"(55.0, 65.0, 95.0, 105.0)",-0.3277173752110794,1.0,0.0
391,70,100,0.4627,0.4627,"(65.0, 75.0, 95.0, 105.0)",-0.3347005005001029,1.0,0.0
392,-60,110,0.8937,0.8937,"(-65.0, -55.0, 105.0, 115.0)",-0.048808242065293925,1.0,0.0
393,-50,110,0.3230999999999999,0.3230999999999999,"(-55.0, -45.0, 105.0, 115.0)",-0.4906630419823561,1.0,0.0
394,-40,110,0.1769999999999999,0.1769999999999999,"(-45.0, -35.0, 105.0, 115.0)",-0.7520267336381936,1.0,0.0
395,-30,110,0.6055,0.6055,"(-35.0, -25.0, 105.0, 115.0)",-0.2178858525209289,1.0,0.0
396,-20,110,0.0,0.0,"(-25.0, -15.0, 105.0, 115.0)",-inf,0.0,24.0
397,-10,110,0.0,0.0,"(-15.0, -5.0, 105.0, 115.0)",-inf,0.0,24.0
398,0,110,0.0,0.0,"(-5.0, 5.0, 105.0, 115.0)",-inf,0.0,24.0
399,10,110,0.0,0.0,"(5.0, 15.0, 105.0, 115.0)",-inf,0.0,24.0
400,20,110,0.6451,0.6451,"(15.0, 25.0, 105.0, 115.0)",-0.19037295810595026,1.0,0.0
401,30,110,0.0347,0.0347,"(25.0, 35.0, 105.0, 115.0)",-1.4596705252091262,1.0,0.0
402,40,110,0.0126999999999999,0.0126999999999999,"(35.0, 45.0, 105.0, 115.0)",-1.8961962790440465,1.0,2.0
403,50,110,0.6881,0.6881,"(45.0, 55.0, 105.0, 115.0)",-0.16234844215360753,1.0,0.0
404,60,110,0.6502999999999999,0.6502999999999999,"(55.0, 65.0, 105.0, 115.0)",-0.18688624599210146,1.0,0.0
405,70,110,0.6794999999999999,0.6794999999999999,"(65.0, 75.0, 105.0, 115.0)",-0.16781053893148695,1.0,0.0
406,-60,120,0.5837999999999999,0.5837999999999999,"(-65.0, -55.0, 115.0, 125.0)",-0.23373590934800456,1.0,0.0
407,-50,120,0.168,0.168,"(-55.0, -45.0, 115.0, 125.0)",-0.7746907182741372,1.0,0.0
408,-40,120,0.2454999999999999,0.2454999999999999,"(-45.0, -35.0, 115.0, 125.0)",-0.6099485035410129,1.0,0.0
409,-30,120,0.008,0.008,"(-35.0, -25.0, 115.0, 125.0)",-2.0969100130080562,1.0,0.0
410,-20,120,0.0,0.0,"(-25.0, -15.0, 115.0, 125.0)",-inf,0.0,24.0
411,-10,120,0.0,0.0,"(-15.0, -5.0, 115.0, 125.0)",-inf,0.0,24.0
412,0,120,0.0,0.0,"(-5.0, 5.0, 115.0, 125.0)",-inf,0.0,24.0
413,10,120,0.0,0.0,"(5.0, 15.0, 115.0, 125.0)",-inf,0.0,24.0
414,20,120,0.0008,0.0008,"(15.0, 25.0, 115.0, 125.0)",-3.0969100130080562,0.0008,24.0
415,30,120,0.0001,0.0001,"(25.0, 35.0, 115.0, 125.0)",-4.0,0.0001,24.0
416,40,120,0.3881999999999999,0.3881999999999999,"(35.0, 45.0, 115.0, 125.0)",-0.4109444689476561,1.0,0.0
417,50,120,0.9486,0.9486,"(45.0, 55.0, 115.0, 125.0)",-0.022916879684147323,1.0,0.0
418,60,120,0.4435999999999999,0.4435999999999999,"(55.0, 65.0, 115.0, 125.0)",-0.35300846252287765,1.0,0.0
419,70,120,0.9586,0.9586,"(65.0, 75.0, 115.0, 125.0)",-0.018362575344230928,1.0,0.0
420,-60,130,0.3284,0.3284,"(-65.0, -55.0, 125.0, 135.0)",-0.4835968515525968,1.0,0.0
421,-50,130,0.4061,0.4061,"(-55.0, -45.0, 125.0, 135.0)",-0.39136701050996303,1.0,0.0
422,-40,130,0.0091,0.0091,"(-45.0, -35.0, 125.0, 135.0)",-2.040958607678906,1.0,0.0
423,-30,130,0.2119999999999999,0.2119999999999999,"(-35.0, -25.0, 125.0, 135.0)",-0.6736641390712488,1.0,0.0
424,-20,130,0.0120999999999999,0.0120999999999999,"(-25.0, -15.0, 125.0, 135.0)",-1.9172146296835535,1.0,1.0
425,-10,130,0.0,0.0,"(-15.0, -5.0, 125.0, 135.0)",-inf,0.0,24.0
426,0,130,0.0,0.0,"(-5.0, 5.0, 125.0, 135.0)",-inf,0.0,24.0
427,10,130,0.0,0.0,"(5.0, 15.0, 125.0, 135.0)",-inf,0.0,24.0
428,20,130,0.0,0.0,"(15.0, 25.0, 125.0, 135.0)",-inf,0.0,24.0
429,30,130,0.0044999999999999,0.0044999999999999,"(25.0, 35.0, 125.0, 135.0)",-2.346787486224666,0.0044999999999999,3.0
430,40,130,0.756,0.756,"(35.0, 45.0, 125.0, 135.0)",-0.12147820449879346,1.0,0.0
431,50,130,0.2927,0.2927,"(45.0, 55.0, 125.0, 135.0)",-0.533577277566208,1.0,0.0
432,60,130,0.7069999999999999,0.7069999999999999,"(55.0, 65.0, 125.0, 135.0)",-0.1505805862031007,1.0,0.0
433,70,130,0.8680999999999999,0.8680999999999999,"(65.0, 75.0, 125.0, 135.0)",-0.06143024377893889,1.0,0.0
434,-60,140,0.7518,0.7518,"(-65.0, -55.0, 135.0, 145.0)",-0.12389767862220634,1.0,0.0
435,-50,140,0.2406,0.2406,"(-55.0, -45.0, 135.0, 145.0)",-0.6187043769961741,1.0,0.0
436,-40,140,0.0700999999999999,0.0700999999999999,"(-45.0, -35.0, 135.0, 145.0)",-1.1542819820333419,1.0,0.0
437,-30,140,0.0177999999999999,0.0177999999999999,"(-35.0, -25.0, 135.0, 145.0)",-1.7495799976911084,1.0,0.0
438,-20,140,0.0016999999999999,0.0016999999999999,"(-25.0, -15.0, 135.0, 145.0)",-2.7695510786217516,0.0016999999999999,24.0
439,-10,140,0.0,0.0,"(-15.0, -5.0, 135.0, 145.0)",-inf,0.0,24.0
440,0,140,0.0013999999999999,0.0013999999999999,"(-5.0, 5.0, 135.0, 145.0)",-2.853871964321793,0.0013999999999999,24.0
441,10,140,0.0,0.0,"(5.0, 15.0, 135.0, 145.0)",-inf,0.0,24.0
442,20,140,0.0,0.0,"(15.0, 25.0, 135.0, 145.0)",-inf,0.0,24.0
443,30,140,0.1706999999999999,0.1706999999999999,"(25.0, 35.0, 135.0, 145.0)",-0.7677664788852666,1.0,0.0
444,40,140,0.3978999999999999,0.3978999999999999,"(35.0, 45.0, 135.0, 145.0)",-0.4002260608536118,1.0,0.0
445,50,140,0.4863,0.4863,"(45.0, 55.0, 135.0, 145.0)",-0.3130957304318226,1.0,0.0
446,60,140,0.1706,0.1706,"(55.0, 65.0, 135.0, 145.0)",-0.7680209731684957,1.0,0.0
447,70,140,0.4707,0.4707,"(65.0, 75.0, 135.0, 145.0)",-0.32725580169340085,1.0,0.0
448,-60,150,0.9635,0.9635,"(-65.0, -55.0, 145.0, 155.0)",-0.016148281008528227,1.0,0.0
449,-50,150,0.0749999999999999,0.0749999999999999,"(-55.0, -45.0, 145.0, 155.0)",-1.1249387366083006,1.0,0.0
450,-40,150,0.0045999999999999,0.0045999999999999,"(-45.0, -35.0, 145.0, 155.0)",-2.3372421683184355,0.0045999999999999,9.0
451,-30,150,0.0005999999999999,0.0005999999999999,"(-35.0, -25.0, 145.0, 155.0)",-3.221848749616429,0.0005999999999999,24.0
452,-20,150,0.0,0.0,"(-25.0, -15.0, 145.0, 155.0)",-inf,0.0,24.0
453,-10,150,0.0,0.0,"(-15.0, -5.0, 145.0, 155.0)",-inf,0.0,24.0
454,0,150,0.2177,0.2177,"(-5.0, 5.0, 145.0, 155.0)",-0.6621415709589057,1.0,0.0
455,10,150,0.055,0.055,"(5.0, 15.0, 145.0, 155.0)",-1.2596373105057561,1.0,0.0
456,20,150,0.0001,0.0001,"(15.0, 25.0, 145.0, 155.0)",-4.0,0.0001,24.0
457,30,150,0.007,0.007,"(25.0, 35.0, 145.0, 155.0)",-2.154901959985743,1.0,1.0
458,40,150,0.5496999999999999,0.5496999999999999,"(35.0, 45.0, 145.0, 155.0)",-0.2598742630342696,1.0,0.0
459,50,150,0.8472,0.8472,"(45.0, 55.0, 145.0, 155.0)",-0.07201405290057143,1.0,0.0
460,60,150,0.198,0.198,"(55.0, 65.0, 145.0, 155.0)",-0.7033348097384688,1.0,0.0
461,70,150,0.0519999999999999,0.0519999999999999,"(65.0, 75.0, 145.0, 155.0)",-1.2839966563652017,1.0,0.0
462,-60,160,0.4895999999999999,0.4895999999999999,"(-65.0, -55.0, 155.0, 165.0)",-0.3101585908624953,1.0,0.0
463,-50,160,0.0126,0.0126,"(-55.0, -45.0, 155.0, 165.0)",-1.899629454882437,1.0,0.0
464,-40,160,0.5068,0.5068,"(-45.0, -35.0, 155.0, 165.0)",-0.29516339378859624,1.0,0.0
465,-30,160,0.0079,0.0079,"(-35.0, -25.0, 155.0, 165.0)",-2.1023729087095586,1.0,11.0
466,-20,160,0.0,0.0,"(-25.0, -15.0, 155.0, 165.0)",-inf,0.0,24.0
467,-10,160,0.0005,0.0005,"(-15.0, -5.0, 155.0, 165.0)",-3.3010299956639813,0.0005,24.0
468,0,160,0.0,0.0,"(-5.0, 5.0, 155.0, 165.0)",-inf,0.0,24.0
469,10,160,0.5488,0.5488,"(5.0, 15.0, 155.0, 165.0)",-0.26058589730130477,1.0,0.0
470,20,160,0.0006999999999999,0.0006999999999999,"(15.0, 25.0, 155.0, 165.0)",-3.1549019599858052,0.0006999999999999,24.0
471,30,160,0.0,0.0,"(25.0, 35.0, 155.0, 165.0)",-inf,0.0,24.0
472,40,160,0.2361,0.2361,"(35.0, 45.0, 155.0, 165.0)",-0.626904012921273,1.0,0.0
473,50,160,0.1544999999999999,0.1544999999999999,"(45.0, 55.0, 155.0, 165.0)",-0.8110715162391469,1.0,0.0
474,60,160,0.2912,0.2912,"(55.0, 65.0, 155.0, 165.0)",-0.5358086293590004,1.0,0.0
475,70,160,0.0418999999999999,0.0418999999999999,"(65.0, 75.0, 155.0, 165.0)",-1.3777859770337058,1.0,0.0
476,-60,170,0.2797,0.2797,"(-65.0, -55.0, 165.0, 175.0)",-0.5533075336284727,1.0,0.0
477,-50,170,0.0005999999999999,0.0005999999999999,"(-55.0, -45.0, 165.0, 175.0)",-3.221848749616429,0.0005999999999999,24.0
478,-40,170,0.5319,0.5319,"(-45.0, -35.0, 165.0, 175.0)",-0.27417000967941973,1.0,0.0
479,-30,170,0.0002999999999999,0.0002999999999999,"(-35.0, -25.0, 165.0, 175.0)",-3.522878745280482,0.0002999999999999,24.0
480,-20,170,0.0,0.0,"(-25.0, -15.0, 165.0, 175.0)",-inf,0.0,24.0
481,-10,170,0.2023,0.2023,"(-15.0, -5.0, 165.0, 175.0)",-0.6940041172291953,1.0,0.0
482,0,170,0.0,0.0,"(-5.0, 5.0, 165.0, 175.0)",-inf,0.0,24.0
483,10,170,0.4408,0.4408,"(5.0, 15.0, 165.0, 175.0)",-0.35575841415627135,1.0,0.0
484,20,170,0.0012999999999999,0.0012999999999999,"(15.0, 25.0, 165.0, 175.0)",-2.886056647693197,0.0012999999999999,24.0
485,30,170,0.0002999999999999,0.0002999999999999,"(25.0, 35.0, 165.0, 175.0)",-3.522878745280482,0.0002999999999999,24.0
486,40,170,0.3736999999999999,0.3736999999999999,"(35.0, 45.0, 165.0, 175.0)",-0.4274769021503625,1.0,0.0
487,50,170,0.4665,0.4665,"(45.0, 55.0, 165.0, 175.0)",-0.3311483519174812,1.0,0.0
488,60,170,0.3726999999999999,0.3726999999999999,"(55.0, 65.0, 165.0, 175.0)",-0.42864060724616043,1.0,0.0
489,70,170,0.0123,0.0123,"(65.0, 75.0, 165.0, 175.0)",-1.9100948885606022,1.0,0.0
490,-60,180,0.2056,0.2056,"(-65.0, -55.0, 175.0, 185.0)",-0.6869768896767618,1.0,0.0
491,-50,180,0.0047999999999999,0.0047999999999999,"(-55.0, -45.0, 175.0, 185.0)",-2.3187587626244217,0.0047999999999999,6.0
492,-40,180,0.1265999999999999,0.1265999999999999,"(-45.0, -35.0, 175.0, 185.0)",-0.897566294318664,1.0,0.0
493,-30,180,0.0,0.0,"(-35.0, -25.0, 175.0, 185.0)",-inf,0.0,24.0
494,-20,180,0.0,0.0,"(-25.0, -15.0, 175.0, 185.0)",-inf,0.0,24.0
495,-10,180,0.0005999999999999,0.0005999999999999,"(-15.0, -5.0, 175.0, 185.0)",-3.221848749616429,0.0005999999999999,24.0
496,0,180,0.0,0.0,"(-5.0, 5.0, 175.0, 185.0)",-inf,0.0,24.0
497,10,180,0.0719999999999999,0.0719999999999999,"(5.0, 15.0, 175.0, 185.0)",-1.1426675035687321,1.0,0.0
498,20,180,0.0001,0.0001,"(15.0, 25.0, 175.0, 185.0)",-4.0,0.0001,24.0
499,30,180,0.0001,0.0001,"(25.0, 35.0, 175.0, 185.0)",-4.0,0.0001,24.0
500,40,180,0.6923,0.6923,"(35.0, 45.0, 175.0, 185.0)",-0.15970566838856373,1.0,0.0
501,50,180,0.2980999999999999,0.2980999999999999,"(45.0, 55.0, 175.0, 185.0)",-0.5256380239673694,1.0,0.0
502,60,180,0.4485999999999999,0.4485999999999999,"(55.0, 65.0, 175.0, 185.0)",-0.3481407307530512,1.0,0.0
503,70,180,0.0074999999999999,0.0074999999999999,"(65.0, 75.0, 175.0, 185.0)",-2.1249387366083057,1.0,3.0
